DateTime,Junction,Vehicles,ID
01-11-2015 00:00,3,9,20151101003
01-11-2015 01:00,3,7,20151101013
01-11-2015 02:00,3,5,20151101023
01-11-2015 03:00,3,1,20151101033
01-11-2015 04:00,3,2,20151101043
01-11-2015 05:00,3,2,20151101053
01-11-2015 06:00,3,3,20151101063
01-11-2015 07:00,3,4,20151101073
01-11-2015 08:00,3,3,20151101083
01-11-2015 09:00,3,6,20151101093
01-11-2015 10:00,3,12,20151101103
01-11-2015 11:00,3,6,20151101113
01-11-2015 12:00,3,6,20151101123
01-11-2015 13:00,3,9,20151101133
01-11-2015 14:00,3,6,20151101143
01-11-2015 15:00,3,6,20151101153
01-11-2015 16:00,3,4,20151101163
01-11-2015 17:00,3,4,20151101173
01-11-2015 18:00,3,6,20151101183
01-11-2015 19:00,3,5,20151101193
01-11-2015 20:00,3,11,20151101203
01-11-2015 21:00,3,8,20151101213
01-11-2015 22:00,3,6,20151101223
01-11-2015 23:00,3,5,20151101233
02-11-2015 00:00,3,5,20151102003
02-11-2015 01:00,3,3,20151102013
02-11-2015 02:00,3,5,20151102023
02-11-2015 03:00,3,5,20151102033
02-11-2015 04:00,3,3,20151102043
02-11-2015 05:00,3,1,20151102053
02-11-2015 06:00,3,5,20151102063
02-11-2015 07:00,3,1,20151102073
02-11-2015 08:00,3,5,20151102083
02-11-2015 09:00,3,8,20151102093
02-11-2015 10:00,3,10,20151102103
02-11-2015 11:00,3,10,20151102113
02-11-2015 12:00,3,11,20151102123
02-11-2015 13:00,3,7,20151102133
02-11-2015 14:00,3,6,20151102143
02-11-2015 15:00,3,9,20151102153
02-11-2015 16:00,3,6,20151102163
02-11-2015 17:00,3,6,20151102173
02-11-2015 18:00,3,8,20151102183
02-11-2015 19:00,3,7,20151102193
02-11-2015 20:00,3,13,20151102203
02-11-2015 21:00,3,15,20151102213
02-11-2015 22:00,3,9,20151102223
02-11-2015 23:00,3,8,20151102233
03-11-2015 00:00,3,10,20151103003
03-11-2015 01:00,3,4,20151103013
03-11-2015 02:00,3,7,20151103023
03-11-2015 03:00,3,5,20151103033
03-11-2015 04:00,3,4,20151103043
03-11-2015 05:00,3,4,20151103053
03-11-2015 06:00,3,3,20151103063
03-11-2015 07:00,3,5,20151103073
03-11-2015 08:00,3,6,20151103083
03-11-2015 09:00,3,6,20151103093
03-11-2015 10:00,3,10,20151103103
03-11-2015 11:00,3,8,20151103113
03-11-2015 12:00,3,10,20151103123
03-11-2015 13:00,3,5,20151103133
03-11-2015 14:00,3,8,20151103143
03-11-2015 15:00,3,8,20151103153
03-11-2015 16:00,3,5,20151103163
03-11-2015 17:00,3,7,20151103173
03-11-2015 18:00,3,4,20151103183
03-11-2015 19:00,3,7,20151103193
03-11-2015 20:00,3,6,20151103203
03-11-2015 21:00,3,6,20151103213
03-11-2015 22:00,3,9,20151103223
03-11-2015 23:00,3,3,20151103233
04-11-2015 00:00,3,2,20151104003
04-11-2015 01:00,3,6,20151104013
04-11-2015 02:00,3,3,20151104023
04-11-2015 03:00,3,6,20151104033
04-11-2015 04:00,3,1,20151104043
04-11-2015 05:00,3,6,20151104053
04-11-2015 06:00,3,2,20151104063
04-11-2015 07:00,3,3,20151104073
04-11-2015 08:00,3,5,20151104083
04-11-2015 09:00,3,5,20151104093
04-11-2015 10:00,3,3,20151104103
04-11-2015 11:00,3,4,20151104113
04-11-2015 12:00,3,7,20151104123
04-11-2015 13:00,3,5,20151104133
04-11-2015 14:00,3,5,20151104143
04-11-2015 15:00,3,7,20151104153
04-11-2015 16:00,3,9,20151104163
04-11-2015 17:00,3,8,20151104173
04-11-2015 18:00,3,7,20151104183
04-11-2015 19:00,3,6,20151104193
04-11-2015 20:00,3,8,20151104203
04-11-2015 21:00,3,5,20151104213
04-11-2015 22:00,3,4,20151104223
04-11-2015 23:00,3,4,20151104233
05-11-2015 00:00,3,6,20151105003
05-11-2015 01:00,3,3,20151105013
05-11-2015 02:00,3,1,20151105023
05-11-2015 03:00,3,2,20151105033
05-11-2015 04:00,3,1,20151105043
05-11-2015 05:00,3,4,20151105053
05-11-2015 06:00,3,4,20151105063
05-11-2015 07:00,3,4,20151105073
05-11-2015 08:00,3,4,20151105083
05-11-2015 09:00,3,5,20151105093
05-11-2015 10:00,3,5,20151105103
05-11-2015 11:00,3,2,20151105113
05-11-2015 12:00,3,7,20151105123
05-11-2015 13:00,3,6,20151105133
05-11-2015 14:00,3,5,20151105143
05-11-2015 15:00,3,4,20151105153
05-11-2015 16:00,3,4,20151105163
05-11-2015 17:00,3,6,20151105173
05-11-2015 18:00,3,8,20151105183
05-11-2015 19:00,3,4,20151105193
05-11-2015 20:00,3,6,20151105203
05-11-2015 21:00,3,5,20151105213
05-11-2015 22:00,3,4,20151105223
05-11-2015 23:00,3,6,20151105233
06-11-2015 00:00,3,3,20151106003
06-11-2015 01:00,3,3,20151106013
06-11-2015 02:00,3,2,20151106023
06-11-2015 03:00,3,3,20151106033
06-11-2015 04:00,3,1,20151106043
06-11-2015 05:00,3,3,20151106053
06-11-2015 06:00,3,2,20151106063
06-11-2015 07:00,3,5,20151106073
06-11-2015 08:00,3,3,20151106083
06-11-2015 09:00,3,7,20151106093
06-11-2015 10:00,3,2,20151106103
06-11-2015 11:00,3,6,20151106113
06-11-2015 12:00,3,5,20151106123
06-11-2015 13:00,3,3,20151106133
06-11-2015 14:00,3,7,20151106143
06-11-2015 15:00,3,3,20151106153
06-11-2015 16:00,3,5,20151106163
06-11-2015 17:00,3,5,20151106173
06-11-2015 18:00,3,8,20151106183
06-11-2015 19:00,3,6,20151106193
06-11-2015 20:00,3,2,20151106203
06-11-2015 21:00,3,5,20151106213
06-11-2015 22:00,3,6,20151106223
06-11-2015 23:00,3,6,20151106233
07-11-2015 00:00,3,3,20151107003
07-11-2015 01:00,3,6,20151107013
07-11-2015 02:00,3,3,20151107023
07-11-2015 03:00,3,4,20151107033
07-11-2015 04:00,3,5,20151107043
07-11-2015 05:00,3,6,20151107053
07-11-2015 06:00,3,1,20151107063
07-11-2015 07:00,3,2,20151107073
07-11-2015 08:00,3,2,20151107083
07-11-2015 09:00,3,2,20151107093
07-11-2015 10:00,3,3,20151107103
07-11-2015 11:00,3,4,20151107113
07-11-2015 12:00,3,4,20151107123
07-11-2015 13:00,3,3,20151107133
07-11-2015 14:00,3,9,20151107143
07-11-2015 15:00,3,3,20151107153
07-11-2015 16:00,3,5,20151107163
07-11-2015 17:00,3,4,20151107173
07-11-2015 18:00,3,4,20151107183
07-11-2015 19:00,3,5,20151107193
07-11-2015 20:00,3,7,20151107203
07-11-2015 21:00,3,3,20151107213
07-11-2015 22:00,3,6,20151107223
07-11-2015 23:00,3,3,20151107233
08-11-2015 00:00,3,4,20151108003
08-11-2015 01:00,3,6,20151108013
08-11-2015 02:00,3,3,20151108023
08-11-2015 03:00,3,3,20151108033
08-11-2015 04:00,3,5,20151108043
08-11-2015 05:00,3,5,20151108053
08-11-2015 06:00,3,2,20151108063
08-11-2015 07:00,3,5,20151108073
08-11-2015 08:00,3,5,20151108083
08-11-2015 09:00,3,6,20151108093
08-11-2015 10:00,3,10,20151108103
08-11-2015 11:00,3,11,20151108113
08-11-2015 12:00,3,3,20151108123
08-11-2015 13:00,3,3,20151108133
08-11-2015 14:00,3,6,20151108143
08-11-2015 15:00,3,4,20151108153
08-11-2015 16:00,3,2,20151108163
08-11-2015 17:00,3,2,20151108173
08-11-2015 18:00,3,7,20151108183
08-11-2015 19:00,3,6,20151108193
08-11-2015 20:00,3,5,20151108203
08-11-2015 21:00,3,6,20151108213
08-11-2015 22:00,3,6,20151108223
08-11-2015 23:00,3,3,20151108233
09-11-2015 00:00,3,3,20151109003
09-11-2015 01:00,3,5,20151109013
09-11-2015 02:00,3,2,20151109023
09-11-2015 03:00,3,6,20151109033
09-11-2015 04:00,3,2,20151109043
09-11-2015 05:00,3,5,20151109053
09-11-2015 06:00,3,5,20151109063
09-11-2015 07:00,3,2,20151109073
09-11-2015 08:00,3,6,20151109083
09-11-2015 09:00,3,7,20151109093
09-11-2015 10:00,3,5,20151109103
09-11-2015 11:00,3,5,20151109113
09-11-2015 12:00,3,6,20151109123
09-11-2015 13:00,3,4,20151109133
09-11-2015 14:00,3,6,20151109143
09-11-2015 15:00,3,3,20151109153
09-11-2015 16:00,3,4,20151109163
09-11-2015 17:00,3,4,20151109173
09-11-2015 18:00,3,6,20151109183
09-11-2015 19:00,3,8,20151109193
09-11-2015 20:00,3,6,20151109203
09-11-2015 21:00,3,5,20151109213
09-11-2015 22:00,3,8,20151109223
09-11-2015 23:00,3,8,20151109233
10-11-2015 00:00,3,12,20151110003
10-11-2015 01:00,3,6,20151110013
10-11-2015 02:00,3,7,20151110023
10-11-2015 03:00,3,4,20151110033
10-11-2015 04:00,3,6,20151110043
10-11-2015 05:00,3,7,20151110053
10-11-2015 06:00,3,3,20151110063
10-11-2015 07:00,3,6,20151110073
10-11-2015 08:00,3,4,20151110083
10-11-2015 09:00,3,6,20151110093
10-11-2015 10:00,3,5,20151110103
10-11-2015 11:00,3,5,20151110113
10-11-2015 12:00,3,2,20151110123
10-11-2015 13:00,3,4,20151110133
10-11-2015 14:00,3,7,20151110143
10-11-2015 15:00,3,6,20151110153
10-11-2015 16:00,3,4,20151110163
10-11-2015 17:00,3,6,20151110173
10-11-2015 18:00,3,2,20151110183
10-11-2015 19:00,3,5,20151110193
10-11-2015 20:00,3,7,20151110203
10-11-2015 21:00,3,9,20151110213
10-11-2015 22:00,3,6,20151110223
10-11-2015 23:00,3,7,20151110233
11-11-2015 00:00,3,6,20151111003
11-11-2015 01:00,3,5,20151111013
11-11-2015 02:00,3,3,20151111023
11-11-2015 03:00,3,5,20151111033
11-11-2015 04:00,3,6,20151111043
11-11-2015 05:00,3,2,20151111053
11-11-2015 06:00,3,4,20151111063
11-11-2015 07:00,3,3,20151111073
11-11-2015 08:00,3,2,20151111083
11-11-2015 09:00,3,6,20151111093
11-11-2015 10:00,3,3,20151111103
11-11-2015 11:00,3,3,20151111113
11-11-2015 12:00,3,6,20151111123
11-11-2015 13:00,3,5,20151111133
11-11-2015 14:00,3,6,20151111143
11-11-2015 15:00,3,4,20151111153
11-11-2015 16:00,3,4,20151111163
11-11-2015 17:00,3,6,20151111173
11-11-2015 18:00,3,5,20151111183
11-11-2015 19:00,3,6,20151111193
11-11-2015 20:00,3,5,20151111203
11-11-2015 21:00,3,8,20151111213
11-11-2015 22:00,3,2,20151111223
11-11-2015 23:00,3,6,20151111233
12-11-2015 00:00,3,6,20151112003
12-11-2015 01:00,3,5,20151112013
12-11-2015 02:00,3,4,20151112023
12-11-2015 03:00,3,3,20151112033
12-11-2015 04:00,3,5,20151112043
12-11-2015 05:00,3,2,20151112053
12-11-2015 06:00,3,1,20151112063
12-11-2015 07:00,3,5,20151112073
12-11-2015 08:00,3,5,20151112083
12-11-2015 09:00,3,2,20151112093
12-11-2015 10:00,3,5,20151112103
12-11-2015 11:00,3,6,20151112113
12-11-2015 12:00,3,6,20151112123
12-11-2015 13:00,3,6,20151112133
12-11-2015 14:00,3,3,20151112143
12-11-2015 15:00,3,8,20151112153
12-11-2015 16:00,3,4,20151112163
12-11-2015 17:00,3,6,20151112173
12-11-2015 18:00,3,9,20151112183
12-11-2015 19:00,3,6,20151112193
12-11-2015 20:00,3,4,20151112203
12-11-2015 21:00,3,7,20151112213
12-11-2015 22:00,3,3,20151112223
12-11-2015 23:00,3,5,20151112233
13-11-2015 00:00,3,4,20151113003
13-11-2015 01:00,3,3,20151113013
13-11-2015 02:00,3,4,20151113023
13-11-2015 03:00,3,6,20151113033
13-11-2015 04:00,3,4,20151113043
13-11-2015 05:00,3,2,20151113053
13-11-2015 06:00,3,5,20151113063
13-11-2015 07:00,3,3,20151113073
13-11-2015 08:00,3,4,20151113083
13-11-2015 09:00,3,3,20151113093
13-11-2015 10:00,3,4,20151113103
13-11-2015 11:00,3,8,20151113113
13-11-2015 12:00,3,3,20151113123
13-11-2015 13:00,3,4,20151113133
13-11-2015 14:00,3,3,20151113143
13-11-2015 15:00,3,5,20151113153
13-11-2015 16:00,3,5,20151113163
13-11-2015 17:00,3,8,20151113173
13-11-2015 18:00,3,4,20151113183
13-11-2015 19:00,3,5,20151113193
13-11-2015 20:00,3,6,20151113203
13-11-2015 21:00,3,6,20151113213
13-11-2015 22:00,3,6,20151113223
13-11-2015 23:00,3,8,20151113233
14-11-2015 00:00,3,3,20151114003
14-11-2015 01:00,3,4,20151114013
14-11-2015 02:00,3,7,20151114023
14-11-2015 03:00,3,5,20151114033
14-11-2015 04:00,3,1,20151114043
14-11-2015 05:00,3,2,20151114053
14-11-2015 06:00,3,5,20151114063
14-11-2015 07:00,3,5,20151114073
14-11-2015 08:00,3,6,20151114083
14-11-2015 09:00,3,3,20151114093
14-11-2015 10:00,3,5,20151114103
14-11-2015 11:00,3,4,20151114113
14-11-2015 12:00,3,6,20151114123
14-11-2015 13:00,3,2,20151114133
14-11-2015 14:00,3,6,20151114143
14-11-2015 15:00,3,4,20151114153
14-11-2015 16:00,3,2,20151114163
14-11-2015 17:00,3,6,20151114173
14-11-2015 18:00,3,4,20151114183
14-11-2015 19:00,3,3,20151114193
14-11-2015 20:00,3,4,20151114203
14-11-2015 21:00,3,5,20151114213
14-11-2015 22:00,3,2,20151114223
14-11-2015 23:00,3,5,20151114233
15-11-2015 00:00,3,6,20151115003
15-11-2015 01:00,3,4,20151115013
15-11-2015 02:00,3,1,20151115023
15-11-2015 03:00,3,3,20151115033
15-11-2015 04:00,3,3,20151115043
15-11-2015 05:00,3,1,20151115053
15-11-2015 06:00,3,2,20151115063
15-11-2015 07:00,3,3,20151115073
15-11-2015 08:00,3,6,20151115083
15-11-2015 09:00,3,2,20151115093
15-11-2015 10:00,3,3,20151115103
15-11-2015 11:00,3,2,20151115113
15-11-2015 12:00,3,4,20151115123
15-11-2015 13:00,3,2,20151115133
15-11-2015 14:00,3,6,20151115143
15-11-2015 15:00,3,6,20151115153
15-11-2015 16:00,3,2,20151115163
15-11-2015 17:00,3,6,20151115173
15-11-2015 18:00,3,2,20151115183
15-11-2015 19:00,3,3,20151115193
15-11-2015 20:00,3,5,20151115203
15-11-2015 21:00,3,5,20151115213
15-11-2015 22:00,3,2,20151115223
15-11-2015 23:00,3,4,20151115233
16-11-2015 00:00,3,6,20151116003
16-11-2015 01:00,3,5,20151116013
16-11-2015 02:00,3,1,20151116023
16-11-2015 03:00,3,5,20151116033
16-11-2015 04:00,3,1,20151116043
16-11-2015 05:00,3,4,20151116053
16-11-2015 06:00,3,3,20151116063
16-11-2015 07:00,3,5,20151116073
16-11-2015 08:00,3,2,20151116083
16-11-2015 09:00,3,3,20151116093
16-11-2015 10:00,3,5,20151116103
16-11-2015 11:00,3,7,20151116113
16-11-2015 12:00,3,6,20151116123
16-11-2015 13:00,3,4,20151116133
16-11-2015 14:00,3,6,20151116143
16-11-2015 15:00,3,8,20151116153
16-11-2015 16:00,3,11,20151116163
16-11-2015 17:00,3,13,20151116173
16-11-2015 18:00,3,5,20151116183
16-11-2015 19:00,3,12,20151116193
16-11-2015 20:00,3,8,20151116203
16-11-2015 21:00,3,7,20151116213
16-11-2015 22:00,3,9,20151116223
16-11-2015 23:00,3,6,20151116233
17-11-2015 00:00,3,12,20151117003
17-11-2015 01:00,3,11,20151117013
17-11-2015 02:00,3,4,20151117023
17-11-2015 03:00,3,6,20151117033
17-11-2015 04:00,3,4,20151117043
17-11-2015 05:00,3,3,20151117053
17-11-2015 06:00,3,4,20151117063
17-11-2015 07:00,3,7,20151117073
17-11-2015 08:00,3,6,20151117083
17-11-2015 09:00,3,7,20151117093
17-11-2015 10:00,3,8,20151117103
17-11-2015 11:00,3,7,20151117113
17-11-2015 12:00,3,9,20151117123
17-11-2015 13:00,3,4,20151117133
17-11-2015 14:00,3,6,20151117143
17-11-2015 15:00,3,13,20151117153
17-11-2015 16:00,3,8,20151117163
17-11-2015 17:00,3,7,20151117173
17-11-2015 18:00,3,6,20151117183
17-11-2015 19:00,3,8,20151117193
17-11-2015 20:00,3,5,20151117203
17-11-2015 21:00,3,8,20151117213
17-11-2015 22:00,3,10,20151117223
17-11-2015 23:00,3,6,20151117233
18-11-2015 00:00,3,4,20151118003
18-11-2015 01:00,3,6,20151118013
18-11-2015 02:00,3,2,20151118023
18-11-2015 03:00,3,4,20151118033
18-11-2015 04:00,3,4,20151118043
18-11-2015 05:00,3,5,20151118053
18-11-2015 06:00,3,5,20151118063
18-11-2015 07:00,3,5,20151118073
18-11-2015 08:00,3,1,20151118083
18-11-2015 09:00,3,8,20151118093
18-11-2015 10:00,3,29,20151118103
18-11-2015 11:00,3,29,20151118113
18-11-2015 12:00,3,18,20151118123
18-11-2015 13:00,3,16,20151118133
18-11-2015 14:00,3,19,20151118143
18-11-2015 15:00,3,17,20151118153
18-11-2015 16:00,3,15,20151118163
18-11-2015 17:00,3,25,20151118173
18-11-2015 18:00,3,32,20151118183
18-11-2015 19:00,3,34,20151118193
18-11-2015 20:00,3,30,20151118203
18-11-2015 21:00,3,25,20151118213
18-11-2015 22:00,3,23,20151118223
18-11-2015 23:00,3,16,20151118233
19-11-2015 00:00,3,14,20151119003
19-11-2015 01:00,3,11,20151119013
19-11-2015 02:00,3,7,20151119023
19-11-2015 03:00,3,8,20151119033
19-11-2015 04:00,3,6,20151119043
19-11-2015 05:00,3,4,20151119053
19-11-2015 06:00,3,7,20151119063
19-11-2015 07:00,3,6,20151119073
19-11-2015 08:00,3,7,20151119083
19-11-2015 09:00,3,15,20151119093
19-11-2015 10:00,3,14,20151119103
19-11-2015 11:00,3,16,20151119113
19-11-2015 12:00,3,20,20151119123
19-11-2015 13:00,3,24,20151119133
19-11-2015 14:00,3,35,20151119143
19-11-2015 15:00,3,39,20151119153
19-11-2015 16:00,3,39,20151119163
19-11-2015 17:00,3,23,20151119173
19-11-2015 18:00,3,23,20151119183
19-11-2015 19:00,3,22,20151119193
19-11-2015 20:00,3,20,20151119203
19-11-2015 21:00,3,18,20151119213
19-11-2015 22:00,3,18,20151119223
19-11-2015 23:00,3,24,20151119233
20-11-2015 00:00,3,31,20151120003
20-11-2015 01:00,3,18,20151120013
20-11-2015 02:00,3,13,20151120023
20-11-2015 03:00,3,7,20151120033
20-11-2015 04:00,3,9,20151120043
20-11-2015 05:00,3,9,20151120053
20-11-2015 06:00,3,13,20151120063
20-11-2015 07:00,3,12,20151120073
20-11-2015 08:00,3,15,20151120083
20-11-2015 09:00,3,21,20151120093
20-11-2015 10:00,3,31,20151120103
20-11-2015 11:00,3,26,20151120113
20-11-2015 12:00,3,30,20151120123
20-11-2015 13:00,3,26,20151120133
20-11-2015 14:00,3,21,20151120143
20-11-2015 15:00,3,26,20151120153
20-11-2015 16:00,3,24,20151120163
20-11-2015 17:00,3,17,20151120173
20-11-2015 18:00,3,16,20151120183
20-11-2015 19:00,3,17,20151120193
20-11-2015 20:00,3,19,20151120203
20-11-2015 21:00,3,19,20151120213
20-11-2015 22:00,3,18,20151120223
20-11-2015 23:00,3,22,20151120233
21-11-2015 00:00,3,15,20151121003
21-11-2015 01:00,3,8,20151121013
21-11-2015 02:00,3,7,20151121023
21-11-2015 03:00,3,7,20151121033
21-11-2015 04:00,3,7,20151121043
21-11-2015 05:00,3,5,20151121053
21-11-2015 06:00,3,6,20151121063
21-11-2015 07:00,3,7,20151121073
21-11-2015 08:00,3,7,20151121083
21-11-2015 09:00,3,12,20151121093
21-11-2015 10:00,3,13,20151121103
21-11-2015 11:00,3,15,20151121113
21-11-2015 12:00,3,17,20151121123
21-11-2015 13:00,3,15,20151121133
21-11-2015 14:00,3,16,20151121143
21-11-2015 15:00,3,22,20151121153
21-11-2015 16:00,3,13,20151121163
21-11-2015 17:00,3,12,20151121173
21-11-2015 18:00,3,13,20151121183
21-11-2015 19:00,3,15,20151121193
21-11-2015 20:00,3,16,20151121203
21-11-2015 21:00,3,11,20151121213
21-11-2015 22:00,3,16,20151121223
21-11-2015 23:00,3,13,20151121233
22-11-2015 00:00,3,10,20151122003
22-11-2015 01:00,3,7,20151122013
22-11-2015 02:00,3,10,20151122023
22-11-2015 03:00,3,9,20151122033
22-11-2015 04:00,3,4,20151122043
22-11-2015 05:00,3,3,20151122053
22-11-2015 06:00,3,5,20151122063
22-11-2015 07:00,3,8,20151122073
22-11-2015 08:00,3,6,20151122083
22-11-2015 09:00,3,11,20151122093
22-11-2015 10:00,3,12,20151122103
22-11-2015 11:00,3,13,20151122113
22-11-2015 12:00,3,16,20151122123
22-11-2015 13:00,3,12,20151122133
22-11-2015 14:00,3,14,20151122143
22-11-2015 15:00,3,12,20151122153
22-11-2015 16:00,3,13,20151122163
22-11-2015 17:00,3,15,20151122173
22-11-2015 18:00,3,17,20151122183
22-11-2015 19:00,3,18,20151122193
22-11-2015 20:00,3,14,20151122203
22-11-2015 21:00,3,19,20151122213
22-11-2015 22:00,3,20,20151122223
22-11-2015 23:00,3,19,20151122233
23-11-2015 00:00,3,18,20151123003
23-11-2015 01:00,3,6,20151123013
23-11-2015 02:00,3,6,20151123023
23-11-2015 03:00,3,7,20151123033
23-11-2015 04:00,3,3,20151123043
23-11-2015 05:00,3,6,20151123053
23-11-2015 06:00,3,6,20151123063
23-11-2015 07:00,3,7,20151123073
23-11-2015 08:00,3,11,20151123083
23-11-2015 09:00,3,11,20151123093
23-11-2015 10:00,3,14,20151123103
23-11-2015 11:00,3,14,20151123113
23-11-2015 12:00,3,14,20151123123
23-11-2015 13:00,3,10,20151123133
23-11-2015 14:00,3,13,20151123143
23-11-2015 15:00,3,12,20151123153
23-11-2015 16:00,3,10,20151123163
23-11-2015 17:00,3,15,20151123173
23-11-2015 18:00,3,9,20151123183
23-11-2015 19:00,3,13,20151123193
23-11-2015 20:00,3,9,20151123203
23-11-2015 21:00,3,8,20151123213
23-11-2015 22:00,3,10,20151123223
23-11-2015 23:00,3,6,20151123233
24-11-2015 00:00,3,8,20151124003
24-11-2015 01:00,3,5,20151124013
24-11-2015 02:00,3,7,20151124023
24-11-2015 03:00,3,4,20151124033
24-11-2015 04:00,3,5,20151124043
24-11-2015 05:00,3,5,20151124053
24-11-2015 06:00,3,2,20151124063
24-11-2015 07:00,3,6,20151124073
24-11-2015 08:00,3,7,20151124083
24-11-2015 09:00,3,4,20151124093
24-11-2015 10:00,3,10,20151124103
24-11-2015 11:00,3,8,20151124113
24-11-2015 12:00,3,8,20151124123
24-11-2015 13:00,3,4,20151124133
24-11-2015 14:00,3,7,20151124143
24-11-2015 15:00,3,3,20151124153
24-11-2015 16:00,3,7,20151124163
24-11-2015 17:00,3,7,20151124173
24-11-2015 18:00,3,14,20151124183
24-11-2015 19:00,3,9,20151124193
24-11-2015 20:00,3,3,20151124203
24-11-2015 21:00,3,4,20151124213
24-11-2015 22:00,3,6,20151124223
24-11-2015 23:00,3,4,20151124233
25-11-2015 00:00,3,6,20151125003
25-11-2015 01:00,3,4,20151125013
25-11-2015 02:00,3,6,20151125023
25-11-2015 03:00,3,2,20151125033
25-11-2015 04:00,3,4,20151125043
25-11-2015 05:00,3,4,20151125053
25-11-2015 06:00,3,3,20151125063
25-11-2015 07:00,3,2,20151125073
25-11-2015 08:00,3,3,20151125083
25-11-2015 09:00,3,4,20151125093
25-11-2015 10:00,3,3,20151125103
25-11-2015 11:00,3,6,20151125113
25-11-2015 12:00,3,8,20151125123
25-11-2015 13:00,3,3,20151125133
25-11-2015 14:00,3,6,20151125143
25-11-2015 15:00,3,4,20151125153
25-11-2015 16:00,3,4,20151125163
25-11-2015 17:00,3,8,20151125173
25-11-2015 18:00,3,6,20151125183
25-11-2015 19:00,3,3,20151125193
25-11-2015 20:00,3,5,20151125203
25-11-2015 21:00,3,7,20151125213
25-11-2015 22:00,3,4,20151125223
25-11-2015 23:00,3,3,20151125233
26-11-2015 00:00,3,5,20151126003
26-11-2015 01:00,3,2,20151126013
26-11-2015 02:00,3,5,20151126023
26-11-2015 03:00,3,10,20151126033
26-11-2015 04:00,3,5,20151126043
26-11-2015 05:00,3,5,20151126053
26-11-2015 06:00,3,8,20151126063
26-11-2015 07:00,3,5,20151126073
26-11-2015 08:00,3,2,20151126083
26-11-2015 09:00,3,6,20151126093
26-11-2015 10:00,3,5,20151126103
26-11-2015 11:00,3,4,20151126113
26-11-2015 12:00,3,9,20151126123
26-11-2015 13:00,3,6,20151126133
26-11-2015 14:00,3,8,20151126143
26-11-2015 15:00,3,8,20151126153
26-11-2015 16:00,3,7,20151126163
26-11-2015 17:00,3,7,20151126173
26-11-2015 18:00,3,6,20151126183
26-11-2015 19:00,3,7,20151126193
26-11-2015 20:00,3,9,20151126203
26-11-2015 21:00,3,4,20151126213
26-11-2015 22:00,3,3,20151126223
26-11-2015 23:00,3,6,20151126233
27-11-2015 00:00,3,3,20151127003
27-11-2015 01:00,3,6,20151127013
27-11-2015 02:00,3,2,20151127023
27-11-2015 03:00,3,1,20151127033
27-11-2015 04:00,3,3,20151127043
27-11-2015 05:00,3,1,20151127053
27-11-2015 06:00,3,3,20151127063
27-11-2015 07:00,3,5,20151127073
27-11-2015 08:00,3,7,20151127083
27-11-2015 09:00,3,6,20151127093
27-11-2015 10:00,3,5,20151127103
27-11-2015 11:00,3,7,20151127113
27-11-2015 12:00,3,5,20151127123
27-11-2015 13:00,3,6,20151127133
27-11-2015 14:00,3,5,20151127143
27-11-2015 15:00,3,6,20151127153
27-11-2015 16:00,3,4,20151127163
27-11-2015 17:00,3,4,20151127173
27-11-2015 18:00,3,6,20151127183
27-11-2015 19:00,3,6,20151127193
27-11-2015 20:00,3,5,20151127203
27-11-2015 21:00,3,4,20151127213
27-11-2015 22:00,3,8,20151127223
27-11-2015 23:00,3,5,20151127233
28-11-2015 00:00,3,4,20151128003
28-11-2015 01:00,3,3,20151128013
28-11-2015 02:00,3,5,20151128023
28-11-2015 03:00,3,2,20151128033
28-11-2015 04:00,3,4,20151128043
28-11-2015 05:00,3,5,20151128053
28-11-2015 06:00,3,6,20151128063
28-11-2015 07:00,3,1,20151128073
28-11-2015 08:00,3,1,20151128083
28-11-2015 09:00,3,5,20151128093
28-11-2015 10:00,3,9,20151128103
28-11-2015 11:00,3,5,20151128113
28-11-2015 12:00,3,5,20151128123
28-11-2015 13:00,3,5,20151128133
28-11-2015 14:00,3,9,20151128143
28-11-2015 15:00,3,3,20151128153
28-11-2015 16:00,3,6,20151128163
28-11-2015 17:00,3,1,20151128173
28-11-2015 18:00,3,6,20151128183
28-11-2015 19:00,3,4,20151128193
28-11-2015 20:00,3,3,20151128203
28-11-2015 21:00,3,3,20151128213
28-11-2015 22:00,3,4,20151128223
28-11-2015 23:00,3,4,20151128233
29-11-2015 00:00,3,2,20151129003
29-11-2015 01:00,3,5,20151129013
29-11-2015 02:00,3,3,20151129023
29-11-2015 03:00,3,6,20151129033
29-11-2015 04:00,3,2,20151129043
29-11-2015 05:00,3,3,20151129053
29-11-2015 06:00,3,5,20151129063
29-11-2015 07:00,3,9,20151129073
29-11-2015 08:00,3,5,20151129083
29-11-2015 09:00,3,6,20151129093
29-11-2015 10:00,3,3,20151129103
29-11-2015 11:00,3,5,20151129113
29-11-2015 12:00,3,2,20151129123
29-11-2015 13:00,3,2,20151129133
29-11-2015 14:00,3,5,20151129143
29-11-2015 15:00,3,5,20151129153
29-11-2015 16:00,3,6,20151129163
29-11-2015 17:00,3,5,20151129173
29-11-2015 18:00,3,4,20151129183
29-11-2015 19:00,3,5,20151129193
29-11-2015 20:00,3,3,20151129203
29-11-2015 21:00,3,5,20151129213
29-11-2015 22:00,3,4,20151129223
29-11-2015 23:00,3,3,20151129233
30-11-2015 00:00,3,5,20151130003
30-11-2015 01:00,3,2,20151130013
30-11-2015 02:00,3,4,20151130023
30-11-2015 03:00,3,5,20151130033
30-11-2015 04:00,3,5,20151130043
30-11-2015 05:00,3,1,20151130053
30-11-2015 06:00,3,1,20151130063
30-11-2015 07:00,3,2,20151130073
30-11-2015 08:00,3,2,20151130083
30-11-2015 09:00,3,6,20151130093
30-11-2015 10:00,3,8,20151130103
30-11-2015 11:00,3,6,20151130113
30-11-2015 12:00,3,10,20151130123
30-11-2015 13:00,3,5,20151130133
30-11-2015 14:00,3,3,20151130143
30-11-2015 15:00,3,6,20151130153
30-11-2015 16:00,3,7,20151130163
30-11-2015 17:00,3,7,20151130173
30-11-2015 18:00,3,5,20151130183
30-11-2015 19:00,3,7,20151130193
30-11-2015 20:00,3,5,20151130203
30-11-2015 21:00,3,3,20151130213
30-11-2015 22:00,3,6,20151130223
30-11-2015 23:00,3,2,20151130233
01-12-2015 00:00,3,4,20151201003
01-12-2015 01:00,3,3,20151201013
01-12-2015 02:00,3,4,20151201023
01-12-2015 03:00,3,4,20151201033
01-12-2015 04:00,3,7,20151201043
01-12-2015 05:00,3,3,20151201053
01-12-2015 06:00,3,4,20151201063
01-12-2015 07:00,3,2,20151201073
01-12-2015 08:00,3,5,20151201083
01-12-2015 09:00,3,3,20151201093
01-12-2015 10:00,3,3,20151201103
01-12-2015 11:00,3,4,20151201113
01-12-2015 12:00,3,5,20151201123
01-12-2015 13:00,3,5,20151201133
01-12-2015 14:00,3,7,20151201143
01-12-2015 15:00,3,8,20151201153
01-12-2015 16:00,3,7,20151201163
01-12-2015 17:00,3,9,20151201173
01-12-2015 18:00,3,6,20151201183
01-12-2015 19:00,3,3,20151201193
01-12-2015 20:00,3,6,20151201203
01-12-2015 21:00,3,10,20151201213
01-12-2015 22:00,3,8,20151201223
01-12-2015 23:00,3,7,20151201233
02-12-2015 00:00,3,5,20151202003
02-12-2015 01:00,3,6,20151202013
02-12-2015 02:00,3,6,20151202023
02-12-2015 03:00,3,4,20151202033
02-12-2015 04:00,3,5,20151202043
02-12-2015 05:00,3,2,20151202053
02-12-2015 06:00,3,3,20151202063
02-12-2015 07:00,3,5,20151202073
02-12-2015 08:00,3,2,20151202083
02-12-2015 09:00,3,4,20151202093
02-12-2015 10:00,3,5,20151202103
02-12-2015 11:00,3,6,20151202113
02-12-2015 12:00,3,3,20151202123
02-12-2015 13:00,3,8,20151202133
02-12-2015 14:00,3,4,20151202143
02-12-2015 15:00,3,5,20151202153
02-12-2015 16:00,3,4,20151202163
02-12-2015 17:00,3,8,20151202173
02-12-2015 18:00,3,5,20151202183
02-12-2015 19:00,3,2,20151202193
02-12-2015 20:00,3,7,20151202203
02-12-2015 21:00,3,5,20151202213
02-12-2015 22:00,3,6,20151202223
02-12-2015 23:00,3,3,20151202233
03-12-2015 00:00,3,1,20151203003
03-12-2015 01:00,3,2,20151203013
03-12-2015 02:00,3,3,20151203023
03-12-2015 03:00,3,2,20151203033
03-12-2015 04:00,3,3,20151203043
03-12-2015 05:00,3,4,20151203053
03-12-2015 06:00,3,5,20151203063
03-12-2015 07:00,3,5,20151203073
03-12-2015 08:00,3,1,20151203083
03-12-2015 09:00,3,5,20151203093
03-12-2015 10:00,3,8,20151203103
03-12-2015 11:00,3,3,20151203113
03-12-2015 12:00,3,8,20151203123
03-12-2015 13:00,3,8,20151203133
03-12-2015 14:00,3,4,20151203143
03-12-2015 15:00,3,3,20151203153
03-12-2015 16:00,3,3,20151203163
03-12-2015 17:00,3,4,20151203173
03-12-2015 18:00,3,5,20151203183
03-12-2015 19:00,3,3,20151203193
03-12-2015 20:00,3,5,20151203203
03-12-2015 21:00,3,5,20151203213
03-12-2015 22:00,3,5,20151203223
03-12-2015 23:00,3,6,20151203233
04-12-2015 00:00,3,2,20151204003
04-12-2015 01:00,3,6,20151204013
04-12-2015 02:00,3,5,20151204023
04-12-2015 03:00,3,3,20151204033
04-12-2015 04:00,3,2,20151204043
04-12-2015 05:00,3,5,20151204053
04-12-2015 06:00,3,4,20151204063
04-12-2015 07:00,3,2,20151204073
04-12-2015 08:00,3,4,20151204083
04-12-2015 09:00,3,3,20151204093
04-12-2015 10:00,3,3,20151204103
04-12-2015 11:00,3,5,20151204113
04-12-2015 12:00,3,4,20151204123
04-12-2015 13:00,3,7,20151204133
04-12-2015 14:00,3,2,20151204143
04-12-2015 15:00,3,2,20151204153
04-12-2015 16:00,3,5,20151204163
04-12-2015 17:00,3,2,20151204173
04-12-2015 18:00,3,5,20151204183
04-12-2015 19:00,3,4,20151204193
04-12-2015 20:00,3,6,20151204203
04-12-2015 21:00,3,5,20151204213
04-12-2015 22:00,3,4,20151204223
04-12-2015 23:00,3,2,20151204233
05-12-2015 00:00,3,4,20151205003
05-12-2015 01:00,3,3,20151205013
05-12-2015 02:00,3,2,20151205023
05-12-2015 03:00,3,2,20151205033
05-12-2015 04:00,3,2,20151205043
05-12-2015 05:00,3,3,20151205053
05-12-2015 06:00,3,1,20151205063
05-12-2015 07:00,3,5,20151205073
05-12-2015 08:00,3,2,20151205083
05-12-2015 09:00,3,2,20151205093
05-12-2015 10:00,3,1,20151205103
05-12-2015 11:00,3,6,20151205113
05-12-2015 12:00,3,3,20151205123
05-12-2015 13:00,3,3,20151205133
05-12-2015 14:00,3,4,20151205143
05-12-2015 15:00,3,1,20151205153
05-12-2015 16:00,3,2,20151205163
05-12-2015 17:00,3,5,20151205173
05-12-2015 18:00,3,1,20151205183
05-12-2015 19:00,3,2,20151205193
05-12-2015 20:00,3,4,20151205203
05-12-2015 21:00,3,5,20151205213
05-12-2015 22:00,3,3,20151205223
05-12-2015 23:00,3,2,20151205233
06-12-2015 00:00,3,3,20151206003
06-12-2015 01:00,3,2,20151206013
06-12-2015 02:00,3,5,20151206023
06-12-2015 03:00,3,5,20151206033
06-12-2015 04:00,3,3,20151206043
06-12-2015 05:00,3,2,20151206053
06-12-2015 06:00,3,4,20151206063
06-12-2015 07:00,3,2,20151206073
06-12-2015 08:00,3,3,20151206083
06-12-2015 09:00,3,4,20151206093
06-12-2015 10:00,3,3,20151206103
06-12-2015 11:00,3,6,20151206113
06-12-2015 12:00,3,2,20151206123
06-12-2015 13:00,3,2,20151206133
06-12-2015 14:00,3,3,20151206143
06-12-2015 15:00,3,4,20151206153
06-12-2015 16:00,3,5,20151206163
06-12-2015 17:00,3,4,20151206173
06-12-2015 18:00,3,1,20151206183
06-12-2015 19:00,3,3,20151206193
06-12-2015 20:00,3,5,20151206203
06-12-2015 21:00,3,6,20151206213
06-12-2015 22:00,3,6,20151206223
06-12-2015 23:00,3,6,20151206233
07-12-2015 00:00,3,3,20151207003
07-12-2015 01:00,3,3,20151207013
07-12-2015 02:00,3,2,20151207023
07-12-2015 03:00,3,4,20151207033
07-12-2015 04:00,3,4,20151207043
07-12-2015 05:00,3,4,20151207053
07-12-2015 06:00,3,3,20151207063
07-12-2015 07:00,3,4,20151207073
07-12-2015 08:00,3,3,20151207083
07-12-2015 09:00,3,4,20151207093
07-12-2015 10:00,3,7,20151207103
07-12-2015 11:00,3,2,20151207113
07-12-2015 12:00,3,6,20151207123
07-12-2015 13:00,3,3,20151207133
07-12-2015 14:00,3,5,20151207143
07-12-2015 15:00,3,4,20151207153
07-12-2015 16:00,3,7,20151207163
07-12-2015 17:00,3,4,20151207173
07-12-2015 18:00,3,5,20151207183
07-12-2015 19:00,3,7,20151207193
07-12-2015 20:00,3,1,20151207203
07-12-2015 21:00,3,3,20151207213
07-12-2015 22:00,3,3,20151207223
07-12-2015 23:00,3,2,20151207233
08-12-2015 00:00,3,5,20151208003
08-12-2015 01:00,3,5,20151208013
08-12-2015 02:00,3,2,20151208023
08-12-2015 03:00,3,3,20151208033
08-12-2015 04:00,3,5,20151208043
08-12-2015 05:00,3,3,20151208053
08-12-2015 06:00,3,3,20151208063
08-12-2015 07:00,3,3,20151208073
08-12-2015 08:00,3,4,20151208083
08-12-2015 09:00,3,5,20151208093
08-12-2015 10:00,3,7,20151208103
08-12-2015 11:00,3,4,20151208113
08-12-2015 12:00,3,3,20151208123
08-12-2015 13:00,3,5,20151208133
08-12-2015 14:00,3,5,20151208143
08-12-2015 15:00,3,3,20151208153
08-12-2015 16:00,3,6,20151208163
08-12-2015 17:00,3,5,20151208173
08-12-2015 18:00,3,5,20151208183
08-12-2015 19:00,3,6,20151208193
08-12-2015 20:00,3,2,20151208203
08-12-2015 21:00,3,2,20151208213
08-12-2015 22:00,3,3,20151208223
08-12-2015 23:00,3,3,20151208233
09-12-2015 00:00,3,2,20151209003
09-12-2015 01:00,3,4,20151209013
09-12-2015 02:00,3,1,20151209023
09-12-2015 03:00,3,3,20151209033
09-12-2015 04:00,3,5,20151209043
09-12-2015 05:00,3,4,20151209053
09-12-2015 06:00,3,2,20151209063
09-12-2015 07:00,3,2,20151209073
09-12-2015 08:00,3,2,20151209083
09-12-2015 09:00,3,4,20151209093
09-12-2015 10:00,3,6,20151209103
09-12-2015 11:00,3,8,20151209113
09-12-2015 12:00,3,7,20151209123
09-12-2015 13:00,3,4,20151209133
09-12-2015 14:00,3,7,20151209143
09-12-2015 15:00,3,6,20151209153
09-12-2015 16:00,3,3,20151209163
09-12-2015 17:00,3,5,20151209173
09-12-2015 18:00,3,5,20151209183
09-12-2015 19:00,3,2,20151209193
09-12-2015 20:00,3,1,20151209203
09-12-2015 21:00,3,3,20151209213
09-12-2015 22:00,3,5,20151209223
09-12-2015 23:00,3,2,20151209233
10-12-2015 00:00,3,2,20151210003
10-12-2015 01:00,3,1,20151210013
10-12-2015 02:00,3,3,20151210023
10-12-2015 03:00,3,1,20151210033
10-12-2015 04:00,3,3,20151210043
10-12-2015 05:00,3,4,20151210053
10-12-2015 06:00,3,4,20151210063
10-12-2015 07:00,3,1,20151210073
10-12-2015 08:00,3,5,20151210083
10-12-2015 09:00,3,1,20151210093
10-12-2015 10:00,3,4,20151210103
10-12-2015 11:00,3,7,20151210113
10-12-2015 12:00,3,6,20151210123
10-12-2015 13:00,3,6,20151210133
10-12-2015 14:00,3,3,20151210143
10-12-2015 15:00,3,4,20151210153
10-12-2015 16:00,3,5,20151210163
10-12-2015 17:00,3,7,20151210173
10-12-2015 18:00,3,3,20151210183
10-12-2015 19:00,3,4,20151210193
10-12-2015 20:00,3,3,20151210203
10-12-2015 21:00,3,4,20151210213
10-12-2015 22:00,3,5,20151210223
10-12-2015 23:00,3,3,20151210233
11-12-2015 00:00,3,4,20151211003
11-12-2015 01:00,3,4,20151211013
11-12-2015 02:00,3,2,20151211023
11-12-2015 03:00,3,5,20151211033
11-12-2015 04:00,3,5,20151211043
11-12-2015 05:00,3,4,20151211053
11-12-2015 06:00,3,3,20151211063
11-12-2015 07:00,3,5,20151211073
11-12-2015 08:00,3,1,20151211083
11-12-2015 09:00,3,3,20151211093
11-12-2015 10:00,3,5,20151211103
11-12-2015 11:00,3,6,20151211113
11-12-2015 12:00,3,4,20151211123
11-12-2015 13:00,3,5,20151211133
11-12-2015 14:00,3,6,20151211143
11-12-2015 15:00,3,8,20151211153
11-12-2015 16:00,3,3,20151211163
11-12-2015 17:00,3,7,20151211173
11-12-2015 18:00,3,2,20151211183
11-12-2015 19:00,3,4,20151211193
11-12-2015 20:00,3,5,20151211203
11-12-2015 21:00,3,4,20151211213
11-12-2015 22:00,3,3,20151211223
11-12-2015 23:00,3,4,20151211233
12-12-2015 00:00,3,4,20151212003
12-12-2015 01:00,3,6,20151212013
12-12-2015 02:00,3,4,20151212023
12-12-2015 03:00,3,5,20151212033
12-12-2015 04:00,3,5,20151212043
12-12-2015 05:00,3,1,20151212053
12-12-2015 06:00,3,3,20151212063
12-12-2015 07:00,3,3,20151212073
12-12-2015 08:00,3,3,20151212083
12-12-2015 09:00,3,1,20151212093
12-12-2015 10:00,3,2,20151212103
12-12-2015 11:00,3,2,20151212113
12-12-2015 12:00,3,6,20151212123
12-12-2015 13:00,3,4,20151212133
12-12-2015 14:00,3,1,20151212143
12-12-2015 15:00,3,6,20151212153
12-12-2015 16:00,3,2,20151212163
12-12-2015 17:00,3,3,20151212173
12-12-2015 18:00,3,6,20151212183
12-12-2015 19:00,3,4,20151212193
12-12-2015 20:00,3,4,20151212203
12-12-2015 21:00,3,5,20151212213
12-12-2015 22:00,3,3,20151212223
12-12-2015 23:00,3,1,20151212233
13-12-2015 00:00,3,2,20151213003
13-12-2015 01:00,3,2,20151213013
13-12-2015 02:00,3,3,20151213023
13-12-2015 03:00,3,4,20151213033
13-12-2015 04:00,3,3,20151213043
13-12-2015 05:00,3,5,20151213053
13-12-2015 06:00,3,4,20151213063
13-12-2015 07:00,3,4,20151213073
13-12-2015 08:00,3,4,20151213083
13-12-2015 09:00,3,1,20151213093
13-12-2015 10:00,3,3,20151213103
13-12-2015 11:00,3,14,20151213113
13-12-2015 12:00,3,21,20151213123
13-12-2015 13:00,3,7,20151213133
13-12-2015 14:00,3,11,20151213143
13-12-2015 15:00,3,9,20151213153
13-12-2015 16:00,3,8,20151213163
13-12-2015 17:00,3,3,20151213173
13-12-2015 18:00,3,2,20151213183
13-12-2015 19:00,3,2,20151213193
13-12-2015 20:00,3,3,20151213203
13-12-2015 21:00,3,2,20151213213
13-12-2015 22:00,3,4,20151213223
13-12-2015 23:00,3,2,20151213233
14-12-2015 00:00,3,2,20151214003
14-12-2015 01:00,3,2,20151214013
14-12-2015 02:00,3,1,20151214023
14-12-2015 03:00,3,5,20151214033
14-12-2015 04:00,3,4,20151214043
14-12-2015 05:00,3,3,20151214053
14-12-2015 06:00,3,3,20151214063
14-12-2015 07:00,3,1,20151214073
14-12-2015 08:00,3,3,20151214083
14-12-2015 09:00,3,4,20151214093
14-12-2015 10:00,3,7,20151214103
14-12-2015 11:00,3,3,20151214113
14-12-2015 12:00,3,5,20151214123
14-12-2015 13:00,3,7,20151214133
14-12-2015 14:00,3,4,20151214143
14-12-2015 15:00,3,5,20151214153
14-12-2015 16:00,3,5,20151214163
14-12-2015 17:00,3,3,20151214173
14-12-2015 18:00,3,5,20151214183
14-12-2015 19:00,3,4,20151214193
14-12-2015 20:00,3,4,20151214203
14-12-2015 21:00,3,4,20151214213
14-12-2015 22:00,3,5,20151214223
14-12-2015 23:00,3,4,20151214233
15-12-2015 00:00,3,6,20151215003
15-12-2015 01:00,3,5,20151215013
15-12-2015 02:00,3,3,20151215023
15-12-2015 03:00,3,5,20151215033
15-12-2015 04:00,3,5,20151215043
15-12-2015 05:00,3,5,20151215053
15-12-2015 06:00,3,2,20151215063
15-12-2015 07:00,3,2,20151215073
15-12-2015 08:00,3,3,20151215083
15-12-2015 09:00,3,2,20151215093
15-12-2015 10:00,3,5,20151215103
15-12-2015 11:00,3,5,20151215113
15-12-2015 12:00,3,6,20151215123
15-12-2015 13:00,3,5,20151215133
15-12-2015 14:00,3,4,20151215143
15-12-2015 15:00,3,4,20151215153
15-12-2015 16:00,3,5,20151215163
15-12-2015 17:00,3,3,20151215173
15-12-2015 18:00,3,3,20151215183
15-12-2015 19:00,3,5,20151215193
15-12-2015 20:00,3,4,20151215203
15-12-2015 21:00,3,5,20151215213
15-12-2015 22:00,3,5,20151215223
15-12-2015 23:00,3,3,20151215233
16-12-2015 00:00,3,3,20151216003
16-12-2015 01:00,3,3,20151216013
16-12-2015 02:00,3,6,20151216023
16-12-2015 03:00,3,1,20151216033
16-12-2015 04:00,3,2,20151216043
16-12-2015 05:00,3,5,20151216053
16-12-2015 06:00,3,5,20151216063
16-12-2015 07:00,3,4,20151216073
16-12-2015 08:00,3,4,20151216083
16-12-2015 09:00,3,5,20151216093
16-12-2015 10:00,3,6,20151216103
16-12-2015 11:00,3,8,20151216113
16-12-2015 12:00,3,4,20151216123
16-12-2015 13:00,3,7,20151216133
16-12-2015 14:00,3,3,20151216143
16-12-2015 15:00,3,4,20151216153
16-12-2015 16:00,3,3,20151216163
16-12-2015 17:00,3,7,20151216173
16-12-2015 18:00,3,4,20151216183
16-12-2015 19:00,3,3,20151216193
16-12-2015 20:00,3,6,20151216203
16-12-2015 21:00,3,4,20151216213
16-12-2015 22:00,3,6,20151216223
16-12-2015 23:00,3,3,20151216233
17-12-2015 00:00,3,5,20151217003
17-12-2015 01:00,3,5,20151217013
17-12-2015 02:00,3,3,20151217023
17-12-2015 03:00,3,1,20151217033
17-12-2015 04:00,3,2,20151217043
17-12-2015 05:00,3,5,20151217053
17-12-2015 06:00,3,1,20151217063
17-12-2015 07:00,3,3,20151217073
17-12-2015 08:00,3,2,20151217083
17-12-2015 09:00,3,3,20151217093
17-12-2015 10:00,3,5,20151217103
17-12-2015 11:00,3,5,20151217113
17-12-2015 12:00,3,5,20151217123
17-12-2015 13:00,3,7,20151217133
17-12-2015 14:00,3,7,20151217143
17-12-2015 15:00,3,6,20151217153
17-12-2015 16:00,3,5,20151217163
17-12-2015 17:00,3,4,20151217173
17-12-2015 18:00,3,6,20151217183
17-12-2015 19:00,3,2,20151217193
17-12-2015 20:00,3,6,20151217203
17-12-2015 21:00,3,5,20151217213
17-12-2015 22:00,3,3,20151217223
17-12-2015 23:00,3,2,20151217233
18-12-2015 00:00,3,4,20151218003
18-12-2015 01:00,3,5,20151218013
18-12-2015 02:00,3,5,20151218023
18-12-2015 03:00,3,5,20151218033
18-12-2015 04:00,3,4,20151218043
18-12-2015 05:00,3,3,20151218053
18-12-2015 06:00,3,3,20151218063
18-12-2015 07:00,3,1,20151218073
18-12-2015 08:00,3,5,20151218083
18-12-2015 09:00,3,5,20151218093
18-12-2015 10:00,3,5,20151218103
18-12-2015 11:00,3,7,20151218113
18-12-2015 12:00,3,6,20151218123
18-12-2015 13:00,3,7,20151218133
18-12-2015 14:00,3,6,20151218143
18-12-2015 15:00,3,2,20151218153
18-12-2015 16:00,3,4,20151218163
18-12-2015 17:00,3,6,20151218173
18-12-2015 18:00,3,6,20151218183
18-12-2015 19:00,3,7,20151218193
18-12-2015 20:00,3,3,20151218203
18-12-2015 21:00,3,5,20151218213
18-12-2015 22:00,3,2,20151218223
18-12-2015 23:00,3,1,20151218233
19-12-2015 00:00,3,5,20151219003
19-12-2015 01:00,3,5,20151219013
19-12-2015 02:00,3,5,20151219023
19-12-2015 03:00,3,2,20151219033
19-12-2015 04:00,3,3,20151219043
19-12-2015 05:00,3,5,20151219053
19-12-2015 06:00,3,2,20151219063
19-12-2015 07:00,3,3,20151219073
19-12-2015 08:00,3,2,20151219083
19-12-2015 09:00,3,1,20151219093
19-12-2015 10:00,3,4,20151219103
19-12-2015 11:00,3,3,20151219113
19-12-2015 12:00,3,4,20151219123
19-12-2015 13:00,3,7,20151219133
19-12-2015 14:00,3,5,20151219143
19-12-2015 15:00,3,5,20151219153
19-12-2015 16:00,3,5,20151219163
19-12-2015 17:00,3,2,20151219173
19-12-2015 18:00,3,1,20151219183
19-12-2015 19:00,3,4,20151219193
19-12-2015 20:00,3,2,20151219203
19-12-2015 21:00,3,3,20151219213
19-12-2015 22:00,3,2,20151219223
19-12-2015 23:00,3,4,20151219233
20-12-2015 00:00,3,4,20151220003
20-12-2015 01:00,3,3,20151220013
20-12-2015 02:00,3,4,20151220023
20-12-2015 03:00,3,3,20151220033
20-12-2015 04:00,3,3,20151220043
20-12-2015 05:00,3,3,20151220053
20-12-2015 06:00,3,1,20151220063
20-12-2015 07:00,3,1,20151220073
20-12-2015 08:00,3,2,20151220083
20-12-2015 09:00,3,4,20151220093
20-12-2015 10:00,3,3,20151220103
20-12-2015 11:00,3,2,20151220113
20-12-2015 12:00,3,14,20151220123
20-12-2015 13:00,3,5,20151220133
20-12-2015 14:00,3,7,20151220143
20-12-2015 15:00,3,9,20151220153
20-12-2015 16:00,3,8,20151220163
20-12-2015 17:00,3,3,20151220173
20-12-2015 18:00,3,5,20151220183
20-12-2015 19:00,3,6,20151220193
20-12-2015 20:00,3,7,20151220203
20-12-2015 21:00,3,7,20151220213
20-12-2015 22:00,3,3,20151220223
20-12-2015 23:00,3,5,20151220233
21-12-2015 00:00,3,4,20151221003
21-12-2015 01:00,3,5,20151221013
21-12-2015 02:00,3,2,20151221023
21-12-2015 03:00,3,3,20151221033
21-12-2015 04:00,3,4,20151221043
21-12-2015 05:00,3,2,20151221053
21-12-2015 06:00,3,4,20151221063
21-12-2015 07:00,3,5,20151221073
21-12-2015 08:00,3,4,20151221083
21-12-2015 09:00,3,4,20151221093
21-12-2015 10:00,3,4,20151221103
21-12-2015 11:00,3,3,20151221113
21-12-2015 12:00,3,6,20151221123
21-12-2015 13:00,3,5,20151221133
21-12-2015 14:00,3,7,20151221143
21-12-2015 15:00,3,5,20151221153
21-12-2015 16:00,3,5,20151221163
21-12-2015 17:00,3,6,20151221173
21-12-2015 18:00,3,2,20151221183
21-12-2015 19:00,3,4,20151221193
21-12-2015 20:00,3,3,20151221203
21-12-2015 21:00,3,5,20151221213
21-12-2015 22:00,3,4,20151221223
21-12-2015 23:00,3,6,20151221233
22-12-2015 00:00,3,6,20151222003
22-12-2015 01:00,3,1,20151222013
22-12-2015 02:00,3,2,20151222023
22-12-2015 03:00,3,2,20151222033
22-12-2015 04:00,3,2,20151222043
22-12-2015 05:00,3,3,20151222053
22-12-2015 06:00,3,3,20151222063
22-12-2015 07:00,3,2,20151222073
22-12-2015 08:00,3,1,20151222083
22-12-2015 09:00,3,4,20151222093
22-12-2015 10:00,3,6,20151222103
22-12-2015 11:00,3,5,20151222113
22-12-2015 12:00,3,6,20151222123
22-12-2015 13:00,3,5,20151222133
22-12-2015 14:00,3,7,20151222143
22-12-2015 15:00,3,7,20151222153
22-12-2015 16:00,3,4,20151222163
22-12-2015 17:00,3,6,20151222173
22-12-2015 18:00,3,4,20151222183
22-12-2015 19:00,3,6,20151222193
22-12-2015 20:00,3,4,20151222203
22-12-2015 21:00,3,3,20151222213
22-12-2015 22:00,3,7,20151222223
22-12-2015 23:00,3,2,20151222233
23-12-2015 00:00,3,5,20151223003
23-12-2015 01:00,3,3,20151223013
23-12-2015 02:00,3,4,20151223023
23-12-2015 03:00,3,4,20151223033
23-12-2015 04:00,3,3,20151223043
23-12-2015 05:00,3,3,20151223053
23-12-2015 06:00,3,1,20151223063
23-12-2015 07:00,3,2,20151223073
23-12-2015 08:00,3,2,20151223083
23-12-2015 09:00,3,5,20151223093
23-12-2015 10:00,3,3,20151223103
23-12-2015 11:00,3,6,20151223113
23-12-2015 12:00,3,5,20151223123
23-12-2015 13:00,3,3,20151223133
23-12-2015 14:00,3,6,20151223143
23-12-2015 15:00,3,5,20151223153
23-12-2015 16:00,3,7,20151223163
23-12-2015 17:00,3,3,20151223173
23-12-2015 18:00,3,4,20151223183
23-12-2015 19:00,3,2,20151223193
23-12-2015 20:00,3,3,20151223203
23-12-2015 21:00,3,3,20151223213
23-12-2015 22:00,3,4,20151223223
23-12-2015 23:00,3,6,20151223233
24-12-2015 00:00,3,2,20151224003
24-12-2015 01:00,3,4,20151224013
24-12-2015 02:00,3,2,20151224023
24-12-2015 03:00,3,5,20151224033
24-12-2015 04:00,3,4,20151224043
24-12-2015 05:00,3,2,20151224053
24-12-2015 06:00,3,6,20151224063
24-12-2015 07:00,3,4,20151224073
24-12-2015 08:00,3,2,20151224083
24-12-2015 09:00,3,5,20151224093
24-12-2015 10:00,3,4,20151224103
24-12-2015 11:00,3,6,20151224113
24-12-2015 12:00,3,7,20151224123
24-12-2015 13:00,3,6,20151224133
24-12-2015 14:00,3,4,20151224143
24-12-2015 15:00,3,5,20151224153
24-12-2015 16:00,3,5,20151224163
24-12-2015 17:00,3,10,20151224173
24-12-2015 18:00,3,7,20151224183
24-12-2015 19:00,3,3,20151224193
24-12-2015 20:00,3,6,20151224203
24-12-2015 21:00,3,6,20151224213
24-12-2015 22:00,3,5,20151224223
24-12-2015 23:00,3,4,20151224233
25-12-2015 00:00,3,3,20151225003
25-12-2015 01:00,3,1,20151225013
25-12-2015 02:00,3,3,20151225023
25-12-2015 03:00,3,9,20151225033
25-12-2015 04:00,3,2,20151225043
25-12-2015 05:00,3,4,20151225053
25-12-2015 06:00,3,1,20151225063
25-12-2015 07:00,3,2,20151225073
25-12-2015 08:00,3,5,20151225083
25-12-2015 09:00,3,4,20151225093
25-12-2015 10:00,3,5,20151225103
25-12-2015 11:00,3,1,20151225113
25-12-2015 12:00,3,3,20151225123
25-12-2015 13:00,3,4,20151225133
25-12-2015 14:00,3,3,20151225143
25-12-2015 15:00,3,6,20151225153
25-12-2015 16:00,3,5,20151225163
25-12-2015 17:00,3,6,20151225173
25-12-2015 18:00,3,5,20151225183
25-12-2015 19:00,3,4,20151225193
25-12-2015 20:00,3,1,20151225203
25-12-2015 21:00,3,3,20151225213
25-12-2015 22:00,3,9,20151225223
25-12-2015 23:00,3,4,20151225233
26-12-2015 00:00,3,4,20151226003
26-12-2015 01:00,3,4,20151226013
26-12-2015 02:00,3,5,20151226023
26-12-2015 03:00,3,4,20151226033
26-12-2015 04:00,3,3,20151226043
26-12-2015 05:00,3,5,20151226053
26-12-2015 06:00,3,3,20151226063
26-12-2015 07:00,3,5,20151226073
26-12-2015 08:00,3,3,20151226083
26-12-2015 09:00,3,6,20151226093
26-12-2015 10:00,3,5,20151226103
26-12-2015 11:00,3,6,20151226113
26-12-2015 12:00,3,4,20151226123
26-12-2015 13:00,3,3,20151226133
26-12-2015 14:00,3,4,20151226143
26-12-2015 15:00,3,1,20151226153
26-12-2015 16:00,3,2,20151226163
26-12-2015 17:00,3,5,20151226173
26-12-2015 18:00,3,6,20151226183
26-12-2015 19:00,3,3,20151226193
26-12-2015 20:00,3,5,20151226203
26-12-2015 21:00,3,2,20151226213
26-12-2015 22:00,3,4,20151226223
26-12-2015 23:00,3,5,20151226233
27-12-2015 00:00,3,3,20151227003
27-12-2015 01:00,3,4,20151227013
27-12-2015 02:00,3,4,20151227023
27-12-2015 03:00,3,1,20151227033
27-12-2015 04:00,3,5,20151227043
27-12-2015 05:00,3,5,20151227053
27-12-2015 06:00,3,5,20151227063
27-12-2015 07:00,3,3,20151227073
27-12-2015 08:00,3,2,20151227083
27-12-2015 09:00,3,5,20151227093
27-12-2015 10:00,3,5,20151227103
27-12-2015 11:00,3,4,20151227113
27-12-2015 12:00,3,3,20151227123
27-12-2015 13:00,3,2,20151227133
27-12-2015 14:00,3,3,20151227143
27-12-2015 15:00,3,2,20151227153
27-12-2015 16:00,3,2,20151227163
27-12-2015 17:00,3,6,20151227173
27-12-2015 18:00,3,7,20151227183
27-12-2015 19:00,3,2,20151227193
27-12-2015 20:00,3,3,20151227203
27-12-2015 21:00,3,4,20151227213
27-12-2015 22:00,3,3,20151227223
27-12-2015 23:00,3,3,20151227233
28-12-2015 00:00,3,3,20151228003
28-12-2015 01:00,3,3,20151228013
28-12-2015 02:00,3,3,20151228023
28-12-2015 03:00,3,2,20151228033
28-12-2015 04:00,3,2,20151228043
28-12-2015 05:00,3,3,20151228053
28-12-2015 06:00,3,2,20151228063
28-12-2015 07:00,3,5,20151228073
28-12-2015 08:00,3,4,20151228083
28-12-2015 09:00,3,5,20151228093
28-12-2015 10:00,3,7,20151228103
28-12-2015 11:00,3,4,20151228113
28-12-2015 12:00,3,5,20151228123
28-12-2015 13:00,3,4,20151228133
28-12-2015 14:00,3,4,20151228143
28-12-2015 15:00,3,8,20151228153
28-12-2015 16:00,3,7,20151228163
28-12-2015 17:00,3,5,20151228173
28-12-2015 18:00,3,5,20151228183
28-12-2015 19:00,3,5,20151228193
28-12-2015 20:00,3,6,20151228203
28-12-2015 21:00,3,3,20151228213
28-12-2015 22:00,3,3,20151228223
28-12-2015 23:00,3,6,20151228233
29-12-2015 00:00,3,5,20151229003
29-12-2015 01:00,3,3,20151229013
29-12-2015 02:00,3,6,20151229023
29-12-2015 03:00,3,3,20151229033
29-12-2015 04:00,3,5,20151229043
29-12-2015 05:00,3,3,20151229053
29-12-2015 06:00,3,5,20151229063
29-12-2015 07:00,3,4,20151229073
29-12-2015 08:00,3,4,20151229083
29-12-2015 09:00,3,5,20151229093
29-12-2015 10:00,3,5,20151229103
29-12-2015 11:00,3,5,20151229113
29-12-2015 12:00,3,6,20151229123
29-12-2015 13:00,3,5,20151229133
29-12-2015 14:00,3,4,20151229143
29-12-2015 15:00,3,5,20151229153
29-12-2015 16:00,3,5,20151229163
29-12-2015 17:00,3,4,20151229173
29-12-2015 18:00,3,4,20151229183
29-12-2015 19:00,3,7,20151229193
29-12-2015 20:00,3,4,20151229203
29-12-2015 21:00,3,2,20151229213
29-12-2015 22:00,3,8,20151229223
29-12-2015 23:00,3,12,20151229233
30-12-2015 00:00,3,5,20151230003
30-12-2015 01:00,3,5,20151230013
30-12-2015 02:00,3,2,20151230023
30-12-2015 03:00,3,6,20151230033
30-12-2015 04:00,3,1,20151230043
30-12-2015 05:00,3,5,20151230053
30-12-2015 06:00,3,5,20151230063
30-12-2015 07:00,3,3,20151230073
30-12-2015 08:00,3,5,20151230083
30-12-2015 09:00,3,6,20151230093
30-12-2015 10:00,3,2,20151230103
30-12-2015 11:00,3,9,20151230113
30-12-2015 12:00,3,8,20151230123
30-12-2015 13:00,3,9,20151230133
30-12-2015 14:00,3,10,20151230143
30-12-2015 15:00,3,8,20151230153
30-12-2015 16:00,3,9,20151230163
30-12-2015 17:00,3,6,20151230173
30-12-2015 18:00,3,6,20151230183
30-12-2015 19:00,3,5,20151230193
30-12-2015 20:00,3,9,20151230203
30-12-2015 21:00,3,9,20151230213
30-12-2015 22:00,3,6,20151230223
30-12-2015 23:00,3,5,20151230233
31-12-2015 00:00,3,7,20151231003
31-12-2015 01:00,3,4,20151231013
31-12-2015 02:00,3,5,20151231023
31-12-2015 03:00,3,2,20151231033
31-12-2015 04:00,3,3,20151231043
31-12-2015 05:00,3,2,20151231053
31-12-2015 06:00,3,4,20151231063
31-12-2015 07:00,3,5,20151231073
31-12-2015 08:00,3,2,20151231083
31-12-2015 09:00,3,4,20151231093
31-12-2015 10:00,3,6,20151231103
31-12-2015 11:00,3,7,20151231113
31-12-2015 12:00,3,6,20151231123
31-12-2015 13:00,3,3,20151231133
31-12-2015 14:00,3,4,20151231143
31-12-2015 15:00,3,7,20151231153
31-12-2015 16:00,3,5,20151231163
31-12-2015 17:00,3,6,20151231173
31-12-2015 18:00,3,2,20151231183
31-12-2015 19:00,3,5,20151231193
31-12-2015 20:00,3,4,20151231203
31-12-2015 21:00,3,5,20151231213
31-12-2015 22:00,3,2,20151231223
31-12-2015 23:00,3,4,20151231233
